<?xml version="1.0" encoding="UTF-8"?>
<configuration>
    <include resource="org/springframework/boot/logging/logback/base.xml"/>
    <!--<logger name="org.springframework" level="INFO"/>-->
    <!--<logger name="feign" level="TRACE"/>-->
    <!--<logger name="com.zhongan.horizon.asset.support" level="TRACE"/>-->
    <!--<logger name="org.mongodb.morphia" level="DEBUG"/>-->
    <!--<logger name="com.zhongan.horizon.coupon" level="DEBUG"/>-->


    <!--输出到控制台-->
    <appender name="console" class="ch.qos.logback.core.ConsoleAppender">
        <encoder>
            <pattern>%d{HH:mm:ss} [%thread] %-5level %logger{36} - %msg%n</pattern>
        </encoder>
    </appender>

    <!--按天生成日志-->
    <appender name="logFile"  class="ch.qos.logback.core.rolling.RollingFileAppender">
        <Prudent>true</Prudent>
        <rollingPolicy class="ch.qos.logback.core.rolling.TimeBasedRollingPolicy">
            <FileNamePattern>
                <!--applog/%d{yyyy-MM-dd}/%d{yyyy-MM-dd}.log-->
                applog/log/%d{yyyy-MM-dd}.log
                <!--applog/log/%d{yyyy-MM-dd}.%i.log.zip-->
            </FileNamePattern>
            <!--<maxFileSize>20MB</maxFileSize>-->
            <maxHistory>90</maxHistory>
            <totalSizeCap>5GB</totalSizeCap>
        </rollingPolicy>
        <layout class="ch.qos.logback.classic.PatternLayout">
            <Pattern>
                %d{yyyy-MM-dd HH:mm:ss} -%msg%n
            </Pattern>
        </layout>
        <!--<filter class="ch.qos.logback.classic.filter.LevelFilter">-->
            <!--<level>DEBUG</level>-->
            <!--<onMatch>ACCEPT</onMatch>-->
            <!--<onMismatch>DENY</onMismatch>-->
        <!--</filter>-->
    </appender>

    <!--按天生成错误-->
    <appender name="logFileError"  class="ch.qos.logback.core.rolling.RollingFileAppender" Threshold="ERROR">
        <Prudent>true</Prudent>
        <rollingPolicy class="ch.qos.logback.core.rolling.TimeBasedRollingPolicy">
            <FileNamePattern>
                applog/errorlog/%d{yyyy-MM-dd}.log
                <!--applog/errorLog/%d{yyyy-MM-dd}.%i.log.zip-->
            </FileNamePattern>
            <!--<maxFileSize>20MB</maxFileSize>-->
            <maxHistory>90</maxHistory>
            <totalSizeCap>5GB</totalSizeCap>
        </rollingPolicy>
        <layout class="ch.qos.logback.classic.PatternLayout">
            <Pattern>
                %d{yyyy-MM-dd HH:mm:ss} -%msg%n
            </Pattern>
        </layout>
        <filter class="ch.qos.logback.classic.filter.LevelFilter">
            <level>ERROR</level>
            <onMatch>ACCEPT</onMatch>
            <onMismatch>DENY</onMismatch>
        </filter>

    </appender>


    <!--<logger  level="ERROR" name="com.value.silverchain.util"   additivity="false">-->
        <!--&lt;!&ndash;<appender-ref ref="logFileError" />&ndash;&gt;-->
    <!--</logger>-->
    <!--<logger  level="ERROR" name="com.value.silverchain.service.impl.ChainServiceImpl"   additivity="false">-->
        <!--&lt;!&ndash;<appender-ref ref="logFileError" />&ndash;&gt;-->
    <!--</logger>-->
    <!--<logger  level="ERROR" name="com.value.silverchain.DownChain"   additivity="false">-->
        <!--&lt;!&ndash;<appender-ref ref="logFileError" />&ndash;&gt;-->
    <!--</logger>-->
    <!--<logger level="ERROR" name="org.springframework"   additivity="false">-->
        <!--<appender-ref ref="logFileError" />-->
    <!--</logger>-->
    <!--<logger level="ERROR" name="feign"  additivity="false">-->
        <!--<appender-ref ref="logFileError" />-->
    <!--</logger>-->
    <!--<logger level="ERROR" name="com.zhongan.horizon.asset.support" additivity="false">-->
        <!--<appender-ref ref="logFileError" />-->
    <!--</logger>-->
    <!--<logger level="ERROR" name="org.mongodb.morphia"  additivity="false">-->
        <!--<appender-ref ref="logFileError" />-->
    <!--</logger>-->



    <!--<logger name="org.springframework" level="INFO" additivity="false">-->
        <!--<appender-ref ref="logFile" />-->
        <!--<appender-ref ref="logFileError" />-->
    <!--</logger>-->
    <!--<logger name="feign" level="TRACE" additivity="false">-->
        <!--<appender-ref ref="logFile" />-->
        <!--<appender-ref ref="logFileError" />-->
    <!--</logger>-->
    <!--<logger name="com.zhongan.horizon.asset.support" level="TRACE" additivity="false">-->
        <!--<appender-ref ref="logFile" />-->
        <!--<appender-ref ref="logFileError" />-->
    <!--</logger>-->

    <!--<logger name="org.mongodb.morphia" level="DEBUG" additivity="false">-->
        <!--<appender-ref ref="logFile" />-->
        <!--<appender-ref ref="logFileError" />-->
    <!--</logger>-->
    <!--<logger name="com.zhongan.horizon.coupon" level="DEBUG" additivity="TRUE">-->
        <!--<appender-ref ref="logFile" />-->
        <!--<appender-ref ref="logFileError" />-->
    <!--</logger>-->


    <!--<logger name="com.zhongan.horizon" level="INFO" additivity="false">-->
        <!--&lt;!&ndash;<appender-ref ref="console"/>&ndash;&gt;-->
        <!--<appender-ref ref="logFile" />-->
    <!--</logger>-->

    <root level="INFO">
        <appender-ref ref="logFile" />
        <appender-ref ref="logFileError" />
    </root>
</configuration>