<?xml version="1.0" encoding="UTF-8"?>
<!DOCTYPE generatorConfiguration
  PUBLIC "-//mybatis.org//DTD MyBatis Generator Configuration 1.0//EN"
		"http://mybatis.org/dtd/mybatis-generator-config_1_0.dtd"
		>
<!--"src/mybatis_generator_config.dtd"-->

<generatorConfiguration>
    <properties resource="application.properties"/>

	<!--<context id="testTables" targetRuntime="MyBatis3">-->
    <context id="testTables" targetRuntime="org.mybatis.generator.plugins.table.TkMyBatis3Impl">
        <!-- 扩展插件 start -->
        <!-- JavaBean 实现 序列化 接口 -->
        <plugin type="org.mybatis.generator.plugins.SerializablePlugin">
        </plugin>
        <!-- genenat entity时,生成toString -->
        <plugin type="org.mybatis.generator.plugins.ToStringPlugin" />
        <!-- 自定义物理分页  可生成支持Mysql数据的limit  不支持Oracle -->
        <plugin type="org.mybatis.generator.plugins.page.PaginationPlugin" />
        <!-- 自定义查询指定字段  -->
        <plugin type="org.mybatis.generator.plugins.field.FieldsPlugin" />
        <!-- 开启支持内存分页   可生成 支持内存分布的方法及参数  
        <plugin type="org.mybatis.generator.plugins.RowBoundsPlugin" />
        -->
        <!-- generate entity时，生成hashcode和equals方法
		<plugin type="org.mybatis.generator.plugins.EqualsHashCodePlugin" />
		 -->
        <!--&lt;!&ndash; 此处是将Example改名为Criteria 当然 想改成什么都行~    &ndash;&gt;-->
        <!--<plugin type="org.mybatis.generator.plugins.RenameExampleClassPlugin">-->
            <!--<property name="searchString" value="Example$" />-->
            <!--&lt;!&ndash; 替换后-->
            <!--<property name="replaceString" value="Criteria" />  -->
             <!--&ndash;&gt;-->
            <!--<property name="replaceString" value="Query" />-->
        <!--</plugin>-->
        <!--&lt;!&ndash; 此处是将UserMapper.xml改名为UserDao.xml 当然 想改成什么都行~ &ndash;&gt;-->
        <!--<plugin type="org.mybatis.generator.plugins.rename.RenameSqlMapperPlugin">-->
            <!--<property name="searchString" value="Mapper" />-->
            <!--<property name="replaceString" value="Dao" />-->
        <!--</plugin>-->

        <!-- 此处是将UserMapper改名为UserDao 接口 当然 想改成什么都行~  -->
        <plugin type="org.mybatis.generator.plugins.rename.RenameJavaMapperPlugin">
            <property name="searchString" value="Mapper$" />
            <property name="replaceString" value="Dao" />
        </plugin>
        <!-- 扩展插件 end -->
        <commentGenerator>
			<!-- 是否去除自动生成的注释 true：是 ： false:否 -->
			<property name="suppressAllComments" value="true" />
		</commentGenerator>
		<!--数据库连接的信息：驱动类、连接地址、用户名、密码 -->
		<!--<jdbcConnection driverClass="com.mysql.jdbc.Driver"-->
			<!--connectionURL="jdbc:mysql://localhost:3306/horizon_coupon?useSSL=false&amp;useUnicode=true&amp;characterEncoding=UTF-8" userId="root"-->
			<!--password="lilaicl@valuecom.cn1234"-->
        <!--&gt;-->
        <!--</jdbcConnection>-->
        <jdbcConnection driverClass="${jdbc.driverClassName}"
                        connectionURL="${jdbc.url}" userId="${jdbc.username}"
                        password="${jdbc.password}"
        >
		</jdbcConnection>
		<!-- <jdbcConnection driverClass="oracle.jdbc.OracleDriver"
			connectionURL="jdbc:oracle:thin:@127.0.0.1:1521:yycg"
			userId="yycg"
			password="yycg">
		</jdbcConnection> -->

		<!-- 默认false，把JDBC DECIMAL 和 NUMERIC 类型解析为 Integer，为 true时把JDBC DECIMAL 和
			NUMERIC 类型解析为java.math.BigDecimal -->
		<javaTypeResolver>
			<property name="forceBigDecimals" value="false" />
		</javaTypeResolver>

		<!-- targetProject:生成PO类的位置 -->
		<javaModelGenerator targetPackage="com.zhongan.horizon.coupon.model.authority"
			targetProject=".\src\main\java">
            <!--  for MyBatis3/MyBatis3Simple
    自动为每一个生成的类创建一个构造方法，构造方法包含了所有的field；而不是使用setter；
 -->
            <property name="constructorBased" value="true"/>
			<!-- enableSubPackages:是否让schema作为包的后缀 -->
			<property name="enableSubPackages" value="false" />
			<!-- 从数据库返回的值被清理前后的空格 -->
			<property name="trimStrings" value="true" />
		</javaModelGenerator>
        <!-- targetProject:mapper映射文件生成的位置 -->
		<sqlMapGenerator targetPackage="main/resources/mapper"
			targetProject=".\src">
			<!-- enableSubPackages:是否让schema作为包的后缀 -->
			<property name="enableSubPackages" value="false" />
		</sqlMapGenerator>
		<!-- targetPackage：mapper接口生成的位置 -->
		<javaClientGenerator type="XMLMAPPER"
			targetPackage="com.zhongan.horizon.coupon.dao"
			targetProject=".\src\main\java">
			<!-- enableSubPackages:是否让schema作为包的后缀 -->
			<property name="enableSubPackages" value="false" />
		</javaClientGenerator>
		<!-- 指定数据库表 -->
        <!--<table tableName="BASE_COMPANY"></table>-->
        <!--<table tableName="BASE_FILE"></table>-->
        <!--<table tableName="BASE_GROUP"></table>-->
        <table tableName="BASE_MENU"></table>
        <table tableName="BASE_OPER"></table>
        <table tableName="BASE_PAGE"></table>
        <!--<table tableName="BASE_RIGHT"></table>-->
        <!--<table tableName="BASE_ROLE"></table>-->
       <!--&lt;!&ndash; <table tableName="BASE_USER"></table>&ndash;&gt;-->
        <!--<table tableName="BASE_MANAGER"></table>-->
        <!--<table tableName="RLT_GROUP_ROLE"></table>-->
        <!--<table tableName="RLT_RIGHT_FILE"></table>-->
        <!--<table tableName="account_info"></table>-->
        <!--<table tableName="company_info"></table>-->
        <!--<table tableName="RLT_RIGHT_PAGE"></table>-->
        <!--<table tableName="RLT_ROLE_RIGHT"></table>-->
        <!--&lt;!&ndash;<table tableName="RLT_USER_ROLE"></table>&ndash;&gt;-->
        <!--<table tableName="RLT_MANAGER_ROLE"></table>-->
        <!--&lt;!&ndash;<table tableName="RTL_USER_GROUP"></table>&ndash;&gt;-->
        <!--<table tableName="RTL_MANAGER_GROUP"></table>-->
		<!--<table tableName="orders"></table>-->
		<!--<table tableName="orderdetail"></table>-->
		<!-- <table schema="" tableName="sys_user"></table>
		<table schema="" tableName="sys_role"></table>
		<table schema="" tableName="sys_permission"></table>
		<table schema="" tableName="sys_user_role"></table>
		<table schema="" tableName="sys_role_permission"></table> -->

		<!-- 有些表的字段需要指定java类型
		 <table schema="" tableName="">
			<columnOverride column="" javaType="" />
		</table> -->
	</context>
</generatorConfiguration>
