<?xml version="1.0" encoding="UTF-8"?>
<!DOCTYPE mapper PUBLIC "-//mybatis.org//DTD Mapper 3.0//EN" "http://mybatis.org/dtd/mybatis-3-mapper.dtd">
<mapper namespace="com.zhongan.horizon.coupon.dao.BaseOperDao">
  <resultMap id="BaseResultMap" type="com.zhongan.horizon.coupon.model.authority.BaseOper">
    <constructor>
      <idArg column="pk_oper" javaType="java.lang.String" jdbcType="VARCHAR" />
      <arg column="pk_page" javaType="java.lang.String" jdbcType="VARCHAR" />
      <arg column="oper_name" javaType="java.lang.String" jdbcType="VARCHAR" />
      <arg column="oper_code" javaType="java.lang.String" jdbcType="VARCHAR" />
      <arg column="url" javaType="java.lang.String" jdbcType="VARCHAR" />
      <arg column="path" javaType="java.lang.String" jdbcType="VARCHAR" />
      <arg column="description" javaType="java.lang.String" jdbcType="VARCHAR" />
      <arg column="status" javaType="java.lang.Integer" jdbcType="INTEGER" />
      <arg column="create_date" javaType="java.util.Date" jdbcType="DATE" />
      <arg column="create_manager" javaType="java.lang.String" jdbcType="VARCHAR" />
      <arg column="update_date" javaType="java.util.Date" jdbcType="DATE" />
      <arg column="update_manager" javaType="java.lang.String" jdbcType="VARCHAR" />
    </constructor>
  </resultMap>
  <sql id="Example_Where_Clause">
    <where>
      <foreach collection="oredCriteria" item="criteria" separator="or">
        <if test="criteria.valid">
          <trim prefix="(" prefixOverrides="and" suffix=")">
            <foreach collection="criteria.criteria" item="criterion">
              <choose>
                <when test="criterion.noValue">
                  and ${criterion.condition}
                </when>
                <when test="criterion.singleValue">
                  and ${criterion.condition} #{criterion.value}
                </when>
                <when test="criterion.betweenValue">
                  and ${criterion.condition} #{criterion.value} and #{criterion.secondValue}
                </when>
                <when test="criterion.listValue">
                  and ${criterion.condition}
                  <foreach close=")" collection="criterion.value" item="listItem" open="(" separator=",">
                    #{listItem}
                  </foreach>
                </when>
              </choose>
            </foreach>
          </trim>
        </if>
      </foreach>
    </where>
  </sql>
  <sql id="Update_By_Example_Where_Clause">
    <where>
      <foreach collection="example.oredCriteria" item="criteria" separator="or">
        <if test="criteria.valid">
          <trim prefix="(" prefixOverrides="and" suffix=")">
            <foreach collection="criteria.criteria" item="criterion">
              <choose>
                <when test="criterion.noValue">
                  and ${criterion.condition}
                </when>
                <when test="criterion.singleValue">
                  and ${criterion.condition} #{criterion.value}
                </when>
                <when test="criterion.betweenValue">
                  and ${criterion.condition} #{criterion.value} and #{criterion.secondValue}
                </when>
                <when test="criterion.listValue">
                  and ${criterion.condition}
                  <foreach close=")" collection="criterion.value" item="listItem" open="(" separator=",">
                    #{listItem}
                  </foreach>
                </when>
              </choose>
            </foreach>
          </trim>
        </if>
      </foreach>
    </where>
  </sql>
  <sql id="Base_Column_List">
    <if test="fields == null">
      pk_oper, pk_page, oper_name, oper_code, url, path, description, status, create_date, 
      create_manager, update_date, update_manager
    </if>
    <if test="fields != null">
      ${fields}
    </if>
  </sql>
  <select id="selectByExample" parameterType="com.zhongan.horizon.coupon.model.authority.BaseOperExample" resultMap="BaseResultMap">
    select
    <if test="distinct">
      distinct
    </if>
    <include refid="Base_Column_List" />
    from base_oper
    <if test="_parameter != null">
      <include refid="Example_Where_Clause" />
    </if>
    <if test="orderByClause != null">
      order by ${orderByClause}
    </if>
    <if test="startRow != null">
      limit #{startRow} , #{pageSize}
    </if>
  </select>
  <select id="selectByPrimaryKey" parameterType="java.lang.String" resultMap="BaseResultMap">
    select 
    pk_oper,pk_page,oper_name,oper_code,url,path,description,status,create_date,create_manager,update_date,update_manager
    from base_oper
    where pk_oper = #{pkOper,jdbcType=VARCHAR}
  </select>
  <delete id="deleteByPrimaryKey" parameterType="java.lang.String">
    delete from base_oper
    where pk_oper = #{pkOper,jdbcType=VARCHAR}
  </delete>
  <delete id="deleteByExample" parameterType="com.zhongan.horizon.coupon.model.authority.BaseOperExample">
    delete from base_oper
    <if test="_parameter != null">
      <include refid="Example_Where_Clause" />
    </if>
  </delete>
  <insert id="insert" parameterType="com.zhongan.horizon.coupon.model.authority.BaseOper">
    insert into base_oper (pk_oper, pk_page, oper_name, 
      oper_code, url, path, 
      description, status, create_date, 
      create_manager, update_date, update_manager
      )
    values (#{pkOper,jdbcType=VARCHAR}, #{pkPage,jdbcType=VARCHAR}, #{operName,jdbcType=VARCHAR}, 
      #{operCode,jdbcType=VARCHAR}, #{url,jdbcType=VARCHAR}, #{path,jdbcType=VARCHAR}, 
      #{description,jdbcType=VARCHAR}, #{status,jdbcType=INTEGER}, #{createDate,jdbcType=DATE}, 
      #{createManager,jdbcType=VARCHAR}, #{updateDate,jdbcType=DATE}, #{updateManager,jdbcType=VARCHAR}
      )
  </insert>
  <insert id="insertSelective" parameterType="com.zhongan.horizon.coupon.model.authority.BaseOper">
    insert into base_oper
    <trim prefix="(" suffix=")" suffixOverrides=",">
      <if test="pkOper != null">
        pk_oper,
      </if>
      <if test="pkPage != null">
        pk_page,
      </if>
      <if test="operName != null">
        oper_name,
      </if>
      <if test="operCode != null">
        oper_code,
      </if>
      <if test="url != null">
        url,
      </if>
      <if test="path != null">
        path,
      </if>
      <if test="description != null">
        description,
      </if>
      <if test="status != null">
        status,
      </if>
      <if test="createDate != null">
        create_date,
      </if>
      <if test="createManager != null">
        create_manager,
      </if>
      <if test="updateDate != null">
        update_date,
      </if>
      <if test="updateManager != null">
        update_manager,
      </if>
    </trim>
    <trim prefix="values (" suffix=")" suffixOverrides=",">
      <if test="pkOper != null">
        #{pkOper,jdbcType=VARCHAR},
      </if>
      <if test="pkPage != null">
        #{pkPage,jdbcType=VARCHAR},
      </if>
      <if test="operName != null">
        #{operName,jdbcType=VARCHAR},
      </if>
      <if test="operCode != null">
        #{operCode,jdbcType=VARCHAR},
      </if>
      <if test="url != null">
        #{url,jdbcType=VARCHAR},
      </if>
      <if test="path != null">
        #{path,jdbcType=VARCHAR},
      </if>
      <if test="description != null">
        #{description,jdbcType=VARCHAR},
      </if>
      <if test="status != null">
        #{status,jdbcType=INTEGER},
      </if>
      <if test="createDate != null">
        #{createDate,jdbcType=DATE},
      </if>
      <if test="createManager != null">
        #{createManager,jdbcType=VARCHAR},
      </if>
      <if test="updateDate != null">
        #{updateDate,jdbcType=DATE},
      </if>
      <if test="updateManager != null">
        #{updateManager,jdbcType=VARCHAR},
      </if>
    </trim>
  </insert>
  <select id="countByExample" parameterType="com.zhongan.horizon.coupon.model.authority.BaseOperExample" resultType="java.lang.Long">
    select count(*) from base_oper
    <if test="_parameter != null">
      <include refid="Example_Where_Clause" />
    </if>
  </select>
  <update id="updateByExampleSelective" parameterType="map">
    update base_oper
    <set>
      <if test="record.pkOper != null">
        pk_oper = #{record.pkOper,jdbcType=VARCHAR},
      </if>
      <if test="record.pkPage != null">
        pk_page = #{record.pkPage,jdbcType=VARCHAR},
      </if>
      <if test="record.operName != null">
        oper_name = #{record.operName,jdbcType=VARCHAR},
      </if>
      <if test="record.operCode != null">
        oper_code = #{record.operCode,jdbcType=VARCHAR},
      </if>
      <if test="record.url != null">
        url = #{record.url,jdbcType=VARCHAR},
      </if>
      <if test="record.path != null">
        path = #{record.path,jdbcType=VARCHAR},
      </if>
      <if test="record.description != null">
        description = #{record.description,jdbcType=VARCHAR},
      </if>
      <if test="record.status != null">
        status = #{record.status,jdbcType=INTEGER},
      </if>
      <if test="record.createDate != null">
        create_date = #{record.createDate,jdbcType=DATE},
      </if>
      <if test="record.createManager != null">
        create_manager = #{record.createManager,jdbcType=VARCHAR},
      </if>
      <if test="record.updateDate != null">
        update_date = #{record.updateDate,jdbcType=DATE},
      </if>
      <if test="record.updateManager != null">
        update_manager = #{record.updateManager,jdbcType=VARCHAR},
      </if>
    </set>
    <if test="_parameter != null">
      <include refid="Update_By_Example_Where_Clause" />
    </if>
  </update>
  <update id="updateByExample" parameterType="map">
    update base_oper
    set pk_oper = #{record.pkOper,jdbcType=VARCHAR},
      pk_page = #{record.pkPage,jdbcType=VARCHAR},
      oper_name = #{record.operName,jdbcType=VARCHAR},
      oper_code = #{record.operCode,jdbcType=VARCHAR},
      url = #{record.url,jdbcType=VARCHAR},
      path = #{record.path,jdbcType=VARCHAR},
      description = #{record.description,jdbcType=VARCHAR},
      status = #{record.status,jdbcType=INTEGER},
      create_date = #{record.createDate,jdbcType=DATE},
      create_manager = #{record.createManager,jdbcType=VARCHAR},
      update_date = #{record.updateDate,jdbcType=DATE},
      update_manager = #{record.updateManager,jdbcType=VARCHAR}
    <if test="_parameter != null">
      <include refid="Update_By_Example_Where_Clause" />
    </if>
  </update>
  <update id="updateByPrimaryKeySelective" parameterType="com.zhongan.horizon.coupon.model.authority.BaseOper">
    update base_oper
    <set>
      <if test="pkPage != null">
        pk_page = #{pkPage,jdbcType=VARCHAR},
      </if>
      <if test="operName != null">
        oper_name = #{operName,jdbcType=VARCHAR},
      </if>
      <if test="operCode != null">
        oper_code = #{operCode,jdbcType=VARCHAR},
      </if>
      <if test="url != null">
        url = #{url,jdbcType=VARCHAR},
      </if>
      <if test="path != null">
        path = #{path,jdbcType=VARCHAR},
      </if>
      <if test="description != null">
        description = #{description,jdbcType=VARCHAR},
      </if>
      <if test="status != null">
        status = #{status,jdbcType=INTEGER},
      </if>
      <if test="createDate != null">
        create_date = #{createDate,jdbcType=DATE},
      </if>
      <if test="createManager != null">
        create_manager = #{createManager,jdbcType=VARCHAR},
      </if>
      <if test="updateDate != null">
        update_date = #{updateDate,jdbcType=DATE},
      </if>
      <if test="updateManager != null">
        update_manager = #{updateManager,jdbcType=VARCHAR},
      </if>
    </set>
    where pk_oper = #{pkOper,jdbcType=VARCHAR}
  </update>
  <update id="updateByPrimaryKey" parameterType="com.zhongan.horizon.coupon.model.authority.BaseOper">
    update base_oper
    set pk_page = #{pkPage,jdbcType=VARCHAR},
      oper_name = #{operName,jdbcType=VARCHAR},
      oper_code = #{operCode,jdbcType=VARCHAR},
      url = #{url,jdbcType=VARCHAR},
      path = #{path,jdbcType=VARCHAR},
      description = #{description,jdbcType=VARCHAR},
      status = #{status,jdbcType=INTEGER},
      create_date = #{createDate,jdbcType=DATE},
      create_manager = #{createManager,jdbcType=VARCHAR},
      update_date = #{updateDate,jdbcType=DATE},
      update_manager = #{updateManager,jdbcType=VARCHAR}
    where pk_oper = #{pkOper,jdbcType=VARCHAR}
  </update>
  <resultMap id="BaseResultMap" type="com.zhongan.horizon.coupon.model.authority.BaseOper">
    <constructor>
      <idArg column="pk_oper" javaType="java.lang.String" jdbcType="VARCHAR" />
      <arg column="pk_page" javaType="java.lang.String" jdbcType="VARCHAR" />
      <arg column="oper_name" javaType="java.lang.String" jdbcType="VARCHAR" />
      <arg column="oper_code" javaType="java.lang.String" jdbcType="VARCHAR" />
      <arg column="url" javaType="java.lang.String" jdbcType="VARCHAR" />
      <arg column="path" javaType="java.lang.String" jdbcType="VARCHAR" />
      <arg column="description" javaType="java.lang.String" jdbcType="VARCHAR" />
      <arg column="status" javaType="java.lang.Integer" jdbcType="INTEGER" />
      <arg column="create_date" javaType="java.util.Date" jdbcType="DATE" />
      <arg column="create_manager" javaType="java.lang.String" jdbcType="VARCHAR" />
      <arg column="update_date" javaType="java.util.Date" jdbcType="DATE" />
      <arg column="update_manager" javaType="java.lang.String" jdbcType="VARCHAR" />
    </constructor>
  </resultMap>
  <sql id="Example_Where_Clause">
    <where>
      <foreach collection="oredCriteria" item="criteria" separator="or">
        <if test="criteria.valid">
          <trim prefix="(" prefixOverrides="and" suffix=")">
            <foreach collection="criteria.criteria" item="criterion">
              <choose>
                <when test="criterion.noValue">
                  and ${criterion.condition}
                </when>
                <when test="criterion.singleValue">
                  and ${criterion.condition} #{criterion.value}
                </when>
                <when test="criterion.betweenValue">
                  and ${criterion.condition} #{criterion.value} and #{criterion.secondValue}
                </when>
                <when test="criterion.listValue">
                  and ${criterion.condition}
                  <foreach close=")" collection="criterion.value" item="listItem" open="(" separator=",">
                    #{listItem}
                  </foreach>
                </when>
              </choose>
            </foreach>
          </trim>
        </if>
      </foreach>
    </where>
  </sql>
  <sql id="Update_By_Example_Where_Clause">
    <where>
      <foreach collection="example.oredCriteria" item="criteria" separator="or">
        <if test="criteria.valid">
          <trim prefix="(" prefixOverrides="and" suffix=")">
            <foreach collection="criteria.criteria" item="criterion">
              <choose>
                <when test="criterion.noValue">
                  and ${criterion.condition}
                </when>
                <when test="criterion.singleValue">
                  and ${criterion.condition} #{criterion.value}
                </when>
                <when test="criterion.betweenValue">
                  and ${criterion.condition} #{criterion.value} and #{criterion.secondValue}
                </when>
                <when test="criterion.listValue">
                  and ${criterion.condition}
                  <foreach close=")" collection="criterion.value" item="listItem" open="(" separator=",">
                    #{listItem}
                  </foreach>
                </when>
              </choose>
            </foreach>
          </trim>
        </if>
      </foreach>
    </where>
  </sql>
  <sql id="Base_Column_List">
    <if test="fields == null">
      pk_oper, pk_page, oper_name, oper_code, url, path, description, status, create_date, 
      create_manager, update_date, update_manager
    </if>
    <if test="fields != null">
      ${fields}
    </if>
  </sql>
  <select id="selectByExample" parameterType="com.zhongan.horizon.coupon.model.authority.BaseOperExample" resultMap="BaseResultMap">
    select
    <if test="distinct">
      distinct
    </if>
    <include refid="Base_Column_List" />
    from base_oper
    <if test="_parameter != null">
      <include refid="Example_Where_Clause" />
    </if>
    <if test="orderByClause != null">
      order by ${orderByClause}
    </if>
    <if test="startRow != null">
      limit #{startRow} , #{pageSize}
    </if>
  </select>
  <select id="selectByPrimaryKey" parameterType="java.lang.String" resultMap="BaseResultMap">
    select 
    pk_oper,pk_page,oper_name,oper_code,url,path,description,status,create_date,create_manager,update_date,update_manager
    from base_oper
    where pk_oper = #{pkOper,jdbcType=VARCHAR}
  </select>
  <delete id="deleteByPrimaryKey" parameterType="java.lang.String">
    delete from base_oper
    where pk_oper = #{pkOper,jdbcType=VARCHAR}
  </delete>
  <delete id="deleteByExample" parameterType="com.zhongan.horizon.coupon.model.authority.BaseOperExample">
    delete from base_oper
    <if test="_parameter != null">
      <include refid="Example_Where_Clause" />
    </if>
  </delete>
  <insert id="insert" parameterType="com.zhongan.horizon.coupon.model.authority.BaseOper">
    insert into base_oper (pk_oper, pk_page, oper_name, 
      oper_code, url, path, 
      description, status, create_date, 
      create_manager, update_date, update_manager
      )
    values (#{pkOper,jdbcType=VARCHAR}, #{pkPage,jdbcType=VARCHAR}, #{operName,jdbcType=VARCHAR}, 
      #{operCode,jdbcType=VARCHAR}, #{url,jdbcType=VARCHAR}, #{path,jdbcType=VARCHAR}, 
      #{description,jdbcType=VARCHAR}, #{status,jdbcType=INTEGER}, #{createDate,jdbcType=DATE}, 
      #{createManager,jdbcType=VARCHAR}, #{updateDate,jdbcType=DATE}, #{updateManager,jdbcType=VARCHAR}
      )
  </insert>
  <insert id="insertSelective" parameterType="com.zhongan.horizon.coupon.model.authority.BaseOper">
    insert into base_oper
    <trim prefix="(" suffix=")" suffixOverrides=",">
      <if test="pkOper != null">
        pk_oper,
      </if>
      <if test="pkPage != null">
        pk_page,
      </if>
      <if test="operName != null">
        oper_name,
      </if>
      <if test="operCode != null">
        oper_code,
      </if>
      <if test="url != null">
        url,
      </if>
      <if test="path != null">
        path,
      </if>
      <if test="description != null">
        description,
      </if>
      <if test="status != null">
        status,
      </if>
      <if test="createDate != null">
        create_date,
      </if>
      <if test="createManager != null">
        create_manager,
      </if>
      <if test="updateDate != null">
        update_date,
      </if>
      <if test="updateManager != null">
        update_manager,
      </if>
    </trim>
    <trim prefix="values (" suffix=")" suffixOverrides=",">
      <if test="pkOper != null">
        #{pkOper,jdbcType=VARCHAR},
      </if>
      <if test="pkPage != null">
        #{pkPage,jdbcType=VARCHAR},
      </if>
      <if test="operName != null">
        #{operName,jdbcType=VARCHAR},
      </if>
      <if test="operCode != null">
        #{operCode,jdbcType=VARCHAR},
      </if>
      <if test="url != null">
        #{url,jdbcType=VARCHAR},
      </if>
      <if test="path != null">
        #{path,jdbcType=VARCHAR},
      </if>
      <if test="description != null">
        #{description,jdbcType=VARCHAR},
      </if>
      <if test="status != null">
        #{status,jdbcType=INTEGER},
      </if>
      <if test="createDate != null">
        #{createDate,jdbcType=DATE},
      </if>
      <if test="createManager != null">
        #{createManager,jdbcType=VARCHAR},
      </if>
      <if test="updateDate != null">
        #{updateDate,jdbcType=DATE},
      </if>
      <if test="updateManager != null">
        #{updateManager,jdbcType=VARCHAR},
      </if>
    </trim>
  </insert>
  <select id="countByExample" parameterType="com.zhongan.horizon.coupon.model.authority.BaseOperExample" resultType="java.lang.Long">
    select count(*) from base_oper
    <if test="_parameter != null">
      <include refid="Example_Where_Clause" />
    </if>
  </select>
  <update id="updateByExampleSelective" parameterType="map">
    update base_oper
    <set>
      <if test="record.pkOper != null">
        pk_oper = #{record.pkOper,jdbcType=VARCHAR},
      </if>
      <if test="record.pkPage != null">
        pk_page = #{record.pkPage,jdbcType=VARCHAR},
      </if>
      <if test="record.operName != null">
        oper_name = #{record.operName,jdbcType=VARCHAR},
      </if>
      <if test="record.operCode != null">
        oper_code = #{record.operCode,jdbcType=VARCHAR},
      </if>
      <if test="record.url != null">
        url = #{record.url,jdbcType=VARCHAR},
      </if>
      <if test="record.path != null">
        path = #{record.path,jdbcType=VARCHAR},
      </if>
      <if test="record.description != null">
        description = #{record.description,jdbcType=VARCHAR},
      </if>
      <if test="record.status != null">
        status = #{record.status,jdbcType=INTEGER},
      </if>
      <if test="record.createDate != null">
        create_date = #{record.createDate,jdbcType=DATE},
      </if>
      <if test="record.createManager != null">
        create_manager = #{record.createManager,jdbcType=VARCHAR},
      </if>
      <if test="record.updateDate != null">
        update_date = #{record.updateDate,jdbcType=DATE},
      </if>
      <if test="record.updateManager != null">
        update_manager = #{record.updateManager,jdbcType=VARCHAR},
      </if>
    </set>
    <if test="_parameter != null">
      <include refid="Update_By_Example_Where_Clause" />
    </if>
  </update>
  <update id="updateByExample" parameterType="map">
    update base_oper
    set pk_oper = #{record.pkOper,jdbcType=VARCHAR},
      pk_page = #{record.pkPage,jdbcType=VARCHAR},
      oper_name = #{record.operName,jdbcType=VARCHAR},
      oper_code = #{record.operCode,jdbcType=VARCHAR},
      url = #{record.url,jdbcType=VARCHAR},
      path = #{record.path,jdbcType=VARCHAR},
      description = #{record.description,jdbcType=VARCHAR},
      status = #{record.status,jdbcType=INTEGER},
      create_date = #{record.createDate,jdbcType=DATE},
      create_manager = #{record.createManager,jdbcType=VARCHAR},
      update_date = #{record.updateDate,jdbcType=DATE},
      update_manager = #{record.updateManager,jdbcType=VARCHAR}
    <if test="_parameter != null">
      <include refid="Update_By_Example_Where_Clause" />
    </if>
  </update>
  <update id="updateByPrimaryKeySelective" parameterType="com.zhongan.horizon.coupon.model.authority.BaseOper">
    update base_oper
    <set>
      <if test="pkPage != null">
        pk_page = #{pkPage,jdbcType=VARCHAR},
      </if>
      <if test="operName != null">
        oper_name = #{operName,jdbcType=VARCHAR},
      </if>
      <if test="operCode != null">
        oper_code = #{operCode,jdbcType=VARCHAR},
      </if>
      <if test="url != null">
        url = #{url,jdbcType=VARCHAR},
      </if>
      <if test="path != null">
        path = #{path,jdbcType=VARCHAR},
      </if>
      <if test="description != null">
        description = #{description,jdbcType=VARCHAR},
      </if>
      <if test="status != null">
        status = #{status,jdbcType=INTEGER},
      </if>
      <if test="createDate != null">
        create_date = #{createDate,jdbcType=DATE},
      </if>
      <if test="createManager != null">
        create_manager = #{createManager,jdbcType=VARCHAR},
      </if>
      <if test="updateDate != null">
        update_date = #{updateDate,jdbcType=DATE},
      </if>
      <if test="updateManager != null">
        update_manager = #{updateManager,jdbcType=VARCHAR},
      </if>
    </set>
    where pk_oper = #{pkOper,jdbcType=VARCHAR}
  </update>
  <update id="updateByPrimaryKey" parameterType="com.zhongan.horizon.coupon.model.authority.BaseOper">
    update base_oper
    set pk_page = #{pkPage,jdbcType=VARCHAR},
      oper_name = #{operName,jdbcType=VARCHAR},
      oper_code = #{operCode,jdbcType=VARCHAR},
      url = #{url,jdbcType=VARCHAR},
      path = #{path,jdbcType=VARCHAR},
      description = #{description,jdbcType=VARCHAR},
      status = #{status,jdbcType=INTEGER},
      create_date = #{createDate,jdbcType=DATE},
      create_manager = #{createManager,jdbcType=VARCHAR},
      update_date = #{updateDate,jdbcType=DATE},
      update_manager = #{updateManager,jdbcType=VARCHAR}
    where pk_oper = #{pkOper,jdbcType=VARCHAR}
  </update>
  <resultMap id="BaseResultMap" type="com.zhongan.horizon.coupon.model.authority.BaseOper">
    <constructor>
      <idArg column="pk_oper" javaType="java.lang.String" jdbcType="VARCHAR" />
      <arg column="pk_page" javaType="java.lang.String" jdbcType="VARCHAR" />
      <arg column="oper_name" javaType="java.lang.String" jdbcType="VARCHAR" />
      <arg column="oper_code" javaType="java.lang.String" jdbcType="VARCHAR" />
      <arg column="url" javaType="java.lang.String" jdbcType="VARCHAR" />
      <arg column="path" javaType="java.lang.String" jdbcType="VARCHAR" />
      <arg column="description" javaType="java.lang.String" jdbcType="VARCHAR" />
      <arg column="status" javaType="java.lang.Integer" jdbcType="INTEGER" />
      <arg column="create_date" javaType="java.util.Date" jdbcType="DATE" />
      <arg column="create_manager" javaType="java.lang.String" jdbcType="VARCHAR" />
      <arg column="update_date" javaType="java.util.Date" jdbcType="DATE" />
      <arg column="update_manager" javaType="java.lang.String" jdbcType="VARCHAR" />
    </constructor>
  </resultMap>
  <sql id="Example_Where_Clause">
    <where>
      <foreach collection="oredCriteria" item="criteria" separator="or">
        <if test="criteria.valid">
          <trim prefix="(" prefixOverrides="and" suffix=")">
            <foreach collection="criteria.criteria" item="criterion">
              <choose>
                <when test="criterion.noValue">
                  and ${criterion.condition}
                </when>
                <when test="criterion.singleValue">
                  and ${criterion.condition} #{criterion.value}
                </when>
                <when test="criterion.betweenValue">
                  and ${criterion.condition} #{criterion.value} and #{criterion.secondValue}
                </when>
                <when test="criterion.listValue">
                  and ${criterion.condition}
                  <foreach close=")" collection="criterion.value" item="listItem" open="(" separator=",">
                    #{listItem}
                  </foreach>
                </when>
              </choose>
            </foreach>
          </trim>
        </if>
      </foreach>
    </where>
  </sql>
  <sql id="Update_By_Example_Where_Clause">
    <where>
      <foreach collection="example.oredCriteria" item="criteria" separator="or">
        <if test="criteria.valid">
          <trim prefix="(" prefixOverrides="and" suffix=")">
            <foreach collection="criteria.criteria" item="criterion">
              <choose>
                <when test="criterion.noValue">
                  and ${criterion.condition}
                </when>
                <when test="criterion.singleValue">
                  and ${criterion.condition} #{criterion.value}
                </when>
                <when test="criterion.betweenValue">
                  and ${criterion.condition} #{criterion.value} and #{criterion.secondValue}
                </when>
                <when test="criterion.listValue">
                  and ${criterion.condition}
                  <foreach close=")" collection="criterion.value" item="listItem" open="(" separator=",">
                    #{listItem}
                  </foreach>
                </when>
              </choose>
            </foreach>
          </trim>
        </if>
      </foreach>
    </where>
  </sql>
  <sql id="Base_Column_List">
    <if test="fields == null">
      pk_oper, pk_page, oper_name, oper_code, url, path, description, status, create_date, 
      create_manager, update_date, update_manager
    </if>
    <if test="fields != null">
      ${fields}
    </if>
  </sql>
  <select id="selectByExample" parameterType="com.zhongan.horizon.coupon.model.authority.BaseOperExample" resultMap="BaseResultMap">
    select
    <if test="distinct">
      distinct
    </if>
    <include refid="Base_Column_List" />
    from base_oper
    <if test="_parameter != null">
      <include refid="Example_Where_Clause" />
    </if>
    <if test="orderByClause != null">
      order by ${orderByClause}
    </if>
    <if test="startRow != null">
      limit #{startRow} , #{pageSize}
    </if>
  </select>
  <select id="selectByPrimaryKey" parameterType="java.lang.String" resultMap="BaseResultMap">
    select 
    pk_oper,pk_page,oper_name,oper_code,url,path,description,status,create_date,create_manager,update_date,update_manager
    from base_oper
    where pk_oper = #{pkOper,jdbcType=VARCHAR}
  </select>
  <delete id="deleteByPrimaryKey" parameterType="java.lang.String">
    delete from base_oper
    where pk_oper = #{pkOper,jdbcType=VARCHAR}
  </delete>
  <delete id="deleteByExample" parameterType="com.zhongan.horizon.coupon.model.authority.BaseOperExample">
    delete from base_oper
    <if test="_parameter != null">
      <include refid="Example_Where_Clause" />
    </if>
  </delete>
  <insert id="insert" parameterType="com.zhongan.horizon.coupon.model.authority.BaseOper">
    insert into base_oper (pk_oper, pk_page, oper_name, 
      oper_code, url, path, 
      description, status, create_date, 
      create_manager, update_date, update_manager
      )
    values (#{pkOper,jdbcType=VARCHAR}, #{pkPage,jdbcType=VARCHAR}, #{operName,jdbcType=VARCHAR}, 
      #{operCode,jdbcType=VARCHAR}, #{url,jdbcType=VARCHAR}, #{path,jdbcType=VARCHAR}, 
      #{description,jdbcType=VARCHAR}, #{status,jdbcType=INTEGER}, #{createDate,jdbcType=DATE}, 
      #{createManager,jdbcType=VARCHAR}, #{updateDate,jdbcType=DATE}, #{updateManager,jdbcType=VARCHAR}
      )
  </insert>
  <insert id="insertSelective" parameterType="com.zhongan.horizon.coupon.model.authority.BaseOper">
    insert into base_oper
    <trim prefix="(" suffix=")" suffixOverrides=",">
      <if test="pkOper != null">
        pk_oper,
      </if>
      <if test="pkPage != null">
        pk_page,
      </if>
      <if test="operName != null">
        oper_name,
      </if>
      <if test="operCode != null">
        oper_code,
      </if>
      <if test="url != null">
        url,
      </if>
      <if test="path != null">
        path,
      </if>
      <if test="description != null">
        description,
      </if>
      <if test="status != null">
        status,
      </if>
      <if test="createDate != null">
        create_date,
      </if>
      <if test="createManager != null">
        create_manager,
      </if>
      <if test="updateDate != null">
        update_date,
      </if>
      <if test="updateManager != null">
        update_manager,
      </if>
    </trim>
    <trim prefix="values (" suffix=")" suffixOverrides=",">
      <if test="pkOper != null">
        #{pkOper,jdbcType=VARCHAR},
      </if>
      <if test="pkPage != null">
        #{pkPage,jdbcType=VARCHAR},
      </if>
      <if test="operName != null">
        #{operName,jdbcType=VARCHAR},
      </if>
      <if test="operCode != null">
        #{operCode,jdbcType=VARCHAR},
      </if>
      <if test="url != null">
        #{url,jdbcType=VARCHAR},
      </if>
      <if test="path != null">
        #{path,jdbcType=VARCHAR},
      </if>
      <if test="description != null">
        #{description,jdbcType=VARCHAR},
      </if>
      <if test="status != null">
        #{status,jdbcType=INTEGER},
      </if>
      <if test="createDate != null">
        #{createDate,jdbcType=DATE},
      </if>
      <if test="createManager != null">
        #{createManager,jdbcType=VARCHAR},
      </if>
      <if test="updateDate != null">
        #{updateDate,jdbcType=DATE},
      </if>
      <if test="updateManager != null">
        #{updateManager,jdbcType=VARCHAR},
      </if>
    </trim>
  </insert>
  <select id="countByExample" parameterType="com.zhongan.horizon.coupon.model.authority.BaseOperExample" resultType="java.lang.Long">
    select count(*) from base_oper
    <if test="_parameter != null">
      <include refid="Example_Where_Clause" />
    </if>
  </select>
  <update id="updateByExampleSelective" parameterType="map">
    update base_oper
    <set>
      <if test="record.pkOper != null">
        pk_oper = #{record.pkOper,jdbcType=VARCHAR},
      </if>
      <if test="record.pkPage != null">
        pk_page = #{record.pkPage,jdbcType=VARCHAR},
      </if>
      <if test="record.operName != null">
        oper_name = #{record.operName,jdbcType=VARCHAR},
      </if>
      <if test="record.operCode != null">
        oper_code = #{record.operCode,jdbcType=VARCHAR},
      </if>
      <if test="record.url != null">
        url = #{record.url,jdbcType=VARCHAR},
      </if>
      <if test="record.path != null">
        path = #{record.path,jdbcType=VARCHAR},
      </if>
      <if test="record.description != null">
        description = #{record.description,jdbcType=VARCHAR},
      </if>
      <if test="record.status != null">
        status = #{record.status,jdbcType=INTEGER},
      </if>
      <if test="record.createDate != null">
        create_date = #{record.createDate,jdbcType=DATE},
      </if>
      <if test="record.createManager != null">
        create_manager = #{record.createManager,jdbcType=VARCHAR},
      </if>
      <if test="record.updateDate != null">
        update_date = #{record.updateDate,jdbcType=DATE},
      </if>
      <if test="record.updateManager != null">
        update_manager = #{record.updateManager,jdbcType=VARCHAR},
      </if>
    </set>
    <if test="_parameter != null">
      <include refid="Update_By_Example_Where_Clause" />
    </if>
  </update>
  <update id="updateByExample" parameterType="map">
    update base_oper
    set pk_oper = #{record.pkOper,jdbcType=VARCHAR},
      pk_page = #{record.pkPage,jdbcType=VARCHAR},
      oper_name = #{record.operName,jdbcType=VARCHAR},
      oper_code = #{record.operCode,jdbcType=VARCHAR},
      url = #{record.url,jdbcType=VARCHAR},
      path = #{record.path,jdbcType=VARCHAR},
      description = #{record.description,jdbcType=VARCHAR},
      status = #{record.status,jdbcType=INTEGER},
      create_date = #{record.createDate,jdbcType=DATE},
      create_manager = #{record.createManager,jdbcType=VARCHAR},
      update_date = #{record.updateDate,jdbcType=DATE},
      update_manager = #{record.updateManager,jdbcType=VARCHAR}
    <if test="_parameter != null">
      <include refid="Update_By_Example_Where_Clause" />
    </if>
  </update>
  <update id="updateByPrimaryKeySelective" parameterType="com.zhongan.horizon.coupon.model.authority.BaseOper">
    update base_oper
    <set>
      <if test="pkPage != null">
        pk_page = #{pkPage,jdbcType=VARCHAR},
      </if>
      <if test="operName != null">
        oper_name = #{operName,jdbcType=VARCHAR},
      </if>
      <if test="operCode != null">
        oper_code = #{operCode,jdbcType=VARCHAR},
      </if>
      <if test="url != null">
        url = #{url,jdbcType=VARCHAR},
      </if>
      <if test="path != null">
        path = #{path,jdbcType=VARCHAR},
      </if>
      <if test="description != null">
        description = #{description,jdbcType=VARCHAR},
      </if>
      <if test="status != null">
        status = #{status,jdbcType=INTEGER},
      </if>
      <if test="createDate != null">
        create_date = #{createDate,jdbcType=DATE},
      </if>
      <if test="createManager != null">
        create_manager = #{createManager,jdbcType=VARCHAR},
      </if>
      <if test="updateDate != null">
        update_date = #{updateDate,jdbcType=DATE},
      </if>
      <if test="updateManager != null">
        update_manager = #{updateManager,jdbcType=VARCHAR},
      </if>
    </set>
    where pk_oper = #{pkOper,jdbcType=VARCHAR}
  </update>
  <update id="updateByPrimaryKey" parameterType="com.zhongan.horizon.coupon.model.authority.BaseOper">
    update base_oper
    set pk_page = #{pkPage,jdbcType=VARCHAR},
      oper_name = #{operName,jdbcType=VARCHAR},
      oper_code = #{operCode,jdbcType=VARCHAR},
      url = #{url,jdbcType=VARCHAR},
      path = #{path,jdbcType=VARCHAR},
      description = #{description,jdbcType=VARCHAR},
      status = #{status,jdbcType=INTEGER},
      create_date = #{createDate,jdbcType=DATE},
      create_manager = #{createManager,jdbcType=VARCHAR},
      update_date = #{updateDate,jdbcType=DATE},
      update_manager = #{updateManager,jdbcType=VARCHAR}
    where pk_oper = #{pkOper,jdbcType=VARCHAR}
  </update>
</mapper>