<?xml version="1.0" encoding="UTF-8"?>
<!DOCTYPE mapper PUBLIC "-//mybatis.org//DTD Mapper 3.0//EN" "http://mybatis.org/dtd/mybatis-3-mapper.dtd">
<mapper namespace="com.zhongan.horizon.coupon.dao.BaseRightDao">
  <resultMap id="BaseResultMap" type="com.zhongan.horizon.coupon.model.authority.BaseRight">
    <constructor>
      <idArg column="pk_right" javaType="java.lang.String" jdbcType="VARCHAR" />
      <arg column="parent_id" javaType="java.lang.String" jdbcType="VARCHAR" />
      <arg column="right_name" javaType="java.lang.String" jdbcType="VARCHAR" />
      <arg column="right_code" javaType="java.lang.String" jdbcType="VARCHAR" />
      <arg column="description" javaType="java.lang.String" jdbcType="VARCHAR" />
      <arg column="status" javaType="java.lang.Integer" jdbcType="INTEGER" />
      <arg column="create_date" javaType="java.util.Date" jdbcType="DATE" />
      <arg column="create_manager" javaType="java.lang.String" jdbcType="VARCHAR" />
      <arg column="update_date" javaType="java.util.Date" jdbcType="DATE" />
      <arg column="update_manager" javaType="java.lang.String" jdbcType="VARCHAR" />
      <arg column="is_common" javaType="java.lang.String" jdbcType="VARCHAR" />
    </constructor>
  </resultMap>
  <sql id="Example_Where_Clause">
    <where>
      <foreach collection="oredCriteria" item="criteria" separator="or">
        <if test="criteria.valid">
          <trim prefix="(" prefixOverrides="and" suffix=")">
            <foreach collection="criteria.criteria" item="criterion">
              <choose>
                <when test="criterion.noValue">
                  and ${criterion.condition}
                </when>
                <when test="criterion.singleValue">
                  and ${criterion.condition} #{criterion.value}
                </when>
                <when test="criterion.betweenValue">
                  and ${criterion.condition} #{criterion.value} and #{criterion.secondValue}
                </when>
                <when test="criterion.listValue">
                  and ${criterion.condition}
                  <foreach close=")" collection="criterion.value" item="listItem" open="(" separator=",">
                    #{listItem}
                  </foreach>
                </when>
              </choose>
            </foreach>
          </trim>
        </if>
      </foreach>
    </where>
  </sql>
  <sql id="Update_By_Example_Where_Clause">
    <where>
      <foreach collection="example.oredCriteria" item="criteria" separator="or">
        <if test="criteria.valid">
          <trim prefix="(" prefixOverrides="and" suffix=")">
            <foreach collection="criteria.criteria" item="criterion">
              <choose>
                <when test="criterion.noValue">
                  and ${criterion.condition}
                </when>
                <when test="criterion.singleValue">
                  and ${criterion.condition} #{criterion.value}
                </when>
                <when test="criterion.betweenValue">
                  and ${criterion.condition} #{criterion.value} and #{criterion.secondValue}
                </when>
                <when test="criterion.listValue">
                  and ${criterion.condition}
                  <foreach close=")" collection="criterion.value" item="listItem" open="(" separator=",">
                    #{listItem}
                  </foreach>
                </when>
              </choose>
            </foreach>
          </trim>
        </if>
      </foreach>
    </where>
  </sql>
  <sql id="Base_Column_List">
    <if test="fields == null">
      pk_right, parent_id, right_name, right_code, description, status, create_date, create_manager, 
      update_date, update_manager, is_common
    </if>
    <if test="fields != null">
      ${fields}
    </if>
  </sql>
  <select id="selectByExample" parameterType="com.zhongan.horizon.coupon.model.authority.BaseRightExample" resultMap="BaseResultMap">
    select
    <if test="distinct">
      distinct
    </if>
    <include refid="Base_Column_List" />
    from base_right
    <if test="_parameter != null">
      <include refid="Example_Where_Clause" />
    </if>
    <if test="orderByClause != null">
      order by ${orderByClause}
    </if>
    <if test="startRow != null">
      limit #{startRow} , #{pageSize}
    </if>
  </select>
  <select id="selectByPrimaryKey" parameterType="java.lang.String" resultMap="BaseResultMap">
    select 
    pk_right,parent_id,right_name,right_code,description,status,create_date,create_manager,update_date,update_manager,is_common
    from base_right
    where pk_right = #{pkRight,jdbcType=VARCHAR}
  </select>
  <delete id="deleteByPrimaryKey" parameterType="java.lang.String">
    delete from base_right
    where pk_right = #{pkRight,jdbcType=VARCHAR}
  </delete>
  <delete id="deleteByExample" parameterType="com.zhongan.horizon.coupon.model.authority.BaseRightExample">
    delete from base_right
    <if test="_parameter != null">
      <include refid="Example_Where_Clause" />
    </if>
  </delete>
  <insert id="insert" parameterType="com.zhongan.horizon.coupon.model.authority.BaseRight">
    insert into base_right (pk_right, parent_id, right_name, 
      right_code, description, status, 
      create_date, create_manager, update_date, 
      update_manager, is_common)
    values (#{pkRight,jdbcType=VARCHAR}, #{parentId,jdbcType=VARCHAR}, #{rightName,jdbcType=VARCHAR}, 
      #{rightCode,jdbcType=VARCHAR}, #{description,jdbcType=VARCHAR}, #{status,jdbcType=INTEGER}, 
      #{createDate,jdbcType=DATE}, #{createManager,jdbcType=VARCHAR}, #{updateDate,jdbcType=DATE}, 
      #{updateManager,jdbcType=VARCHAR}, #{isCommon,jdbcType=VARCHAR})
  </insert>
  <insert id="insertSelective" parameterType="com.zhongan.horizon.coupon.model.authority.BaseRight">
    insert into base_right
    <trim prefix="(" suffix=")" suffixOverrides=",">
      <if test="pkRight != null">
        pk_right,
      </if>
      <if test="parentId != null">
        parent_id,
      </if>
      <if test="rightName != null">
        right_name,
      </if>
      <if test="rightCode != null">
        right_code,
      </if>
      <if test="description != null">
        description,
      </if>
      <if test="status != null">
        status,
      </if>
      <if test="createDate != null">
        create_date,
      </if>
      <if test="createManager != null">
        create_manager,
      </if>
      <if test="updateDate != null">
        update_date,
      </if>
      <if test="updateManager != null">
        update_manager,
      </if>
      <if test="isCommon != null">
        is_common,
      </if>
    </trim>
    <trim prefix="values (" suffix=")" suffixOverrides=",">
      <if test="pkRight != null">
        #{pkRight,jdbcType=VARCHAR},
      </if>
      <if test="parentId != null">
        #{parentId,jdbcType=VARCHAR},
      </if>
      <if test="rightName != null">
        #{rightName,jdbcType=VARCHAR},
      </if>
      <if test="rightCode != null">
        #{rightCode,jdbcType=VARCHAR},
      </if>
      <if test="description != null">
        #{description,jdbcType=VARCHAR},
      </if>
      <if test="status != null">
        #{status,jdbcType=INTEGER},
      </if>
      <if test="createDate != null">
        #{createDate,jdbcType=DATE},
      </if>
      <if test="createManager != null">
        #{createManager,jdbcType=VARCHAR},
      </if>
      <if test="updateDate != null">
        #{updateDate,jdbcType=DATE},
      </if>
      <if test="updateManager != null">
        #{updateManager,jdbcType=VARCHAR},
      </if>
      <if test="isCommon != null">
        #{isCommon,jdbcType=VARCHAR},
      </if>
    </trim>
  </insert>
  <select id="countByExample" parameterType="com.zhongan.horizon.coupon.model.authority.BaseRightExample" resultType="java.lang.Long">
    select count(*) from base_right
    <if test="_parameter != null">
      <include refid="Example_Where_Clause" />
    </if>
  </select>
  <update id="updateByExampleSelective" parameterType="map">
    update base_right
    <set>
      <if test="record.pkRight != null">
        pk_right = #{record.pkRight,jdbcType=VARCHAR},
      </if>
      <if test="record.parentId != null">
        parent_id = #{record.parentId,jdbcType=VARCHAR},
      </if>
      <if test="record.rightName != null">
        right_name = #{record.rightName,jdbcType=VARCHAR},
      </if>
      <if test="record.rightCode != null">
        right_code = #{record.rightCode,jdbcType=VARCHAR},
      </if>
      <if test="record.description != null">
        description = #{record.description,jdbcType=VARCHAR},
      </if>
      <if test="record.status != null">
        status = #{record.status,jdbcType=INTEGER},
      </if>
      <if test="record.createDate != null">
        create_date = #{record.createDate,jdbcType=DATE},
      </if>
      <if test="record.createManager != null">
        create_manager = #{record.createManager,jdbcType=VARCHAR},
      </if>
      <if test="record.updateDate != null">
        update_date = #{record.updateDate,jdbcType=DATE},
      </if>
      <if test="record.updateManager != null">
        update_manager = #{record.updateManager,jdbcType=VARCHAR},
      </if>
      <if test="record.isCommon != null">
        is_common = #{record.isCommon,jdbcType=VARCHAR},
      </if>
    </set>
    <if test="_parameter != null">
      <include refid="Update_By_Example_Where_Clause" />
    </if>
  </update>
  <update id="updateByExample" parameterType="map">
    update base_right
    set pk_right = #{record.pkRight,jdbcType=VARCHAR},
      parent_id = #{record.parentId,jdbcType=VARCHAR},
      right_name = #{record.rightName,jdbcType=VARCHAR},
      right_code = #{record.rightCode,jdbcType=VARCHAR},
      description = #{record.description,jdbcType=VARCHAR},
      status = #{record.status,jdbcType=INTEGER},
      create_date = #{record.createDate,jdbcType=DATE},
      create_manager = #{record.createManager,jdbcType=VARCHAR},
      update_date = #{record.updateDate,jdbcType=DATE},
      update_manager = #{record.updateManager,jdbcType=VARCHAR},
      is_common = #{record.isCommon,jdbcType=VARCHAR}
    <if test="_parameter != null">
      <include refid="Update_By_Example_Where_Clause" />
    </if>
  </update>
  <update id="updateByPrimaryKeySelective" parameterType="com.zhongan.horizon.coupon.model.authority.BaseRight">
    update base_right
    <set>
      <if test="parentId != null">
        parent_id = #{parentId,jdbcType=VARCHAR},
      </if>
      <if test="rightName != null">
        right_name = #{rightName,jdbcType=VARCHAR},
      </if>
      <if test="rightCode != null">
        right_code = #{rightCode,jdbcType=VARCHAR},
      </if>
      <if test="description != null">
        description = #{description,jdbcType=VARCHAR},
      </if>
      <if test="status != null">
        status = #{status,jdbcType=INTEGER},
      </if>
      <if test="createDate != null">
        create_date = #{createDate,jdbcType=DATE},
      </if>
      <if test="createManager != null">
        create_manager = #{createManager,jdbcType=VARCHAR},
      </if>
      <if test="updateDate != null">
        update_date = #{updateDate,jdbcType=DATE},
      </if>
      <if test="updateManager != null">
        update_manager = #{updateManager,jdbcType=VARCHAR},
      </if>
      <if test="isCommon != null">
        is_common = #{isCommon,jdbcType=VARCHAR},
      </if>
    </set>
    where pk_right = #{pkRight,jdbcType=VARCHAR}
  </update>
  <update id="updateByPrimaryKey" parameterType="com.zhongan.horizon.coupon.model.authority.BaseRight">
    update base_right
    set parent_id = #{parentId,jdbcType=VARCHAR},
      right_name = #{rightName,jdbcType=VARCHAR},
      right_code = #{rightCode,jdbcType=VARCHAR},
      description = #{description,jdbcType=VARCHAR},
      status = #{status,jdbcType=INTEGER},
      create_date = #{createDate,jdbcType=DATE},
      create_manager = #{createManager,jdbcType=VARCHAR},
      update_date = #{updateDate,jdbcType=DATE},
      update_manager = #{updateManager,jdbcType=VARCHAR},
      is_common = #{isCommon,jdbcType=VARCHAR}
    where pk_right = #{pkRight,jdbcType=VARCHAR}
  </update>
</mapper>